标题,内容,标签,行业,内容形式,来源链接,封面图片,点赞数,浏览数,作者,状态
装修避坑指南！5个装修雷区千万别踩,"装修是人生大事，但很多人都会踩坑。今天分享5个最容易踩的装修雷区：

1. 开关插座位置不合理
很多人装修时没有仔细考虑开关插座的位置，结果入住后发现各种不方便。

2. 防水工程偷工减料
防水是隐蔽工程，一旦出问题后果严重，千万不能省钱。

3. 水电改造不规范
水电改造关系到安全，一定要找专业师傅，按照规范施工。

4. 材料质量差
装修材料直接影响健康和使用寿命，不要贪便宜买劣质材料。

5. 施工队不靠谱
选择有资质、有经验的施工队，签订详细合同。

希望这些经验能帮到准备装修的朋友们！","装修,避坑,指南,家装,经验分享",家装装修,攻略指南,https://xiaohongshu.com/note/example1,/placeholder.jpg,2580,15670,装修小能手,enabled
平价好用的护肤品推荐！学生党必看,"作为一个试过无数护肤品的人，今天给大家推荐几款平价又好用的护肤品：

💧 洁面：氨基酸洁面乳
温和不刺激，适合敏感肌，价格也很亲民。

💧 水乳：玻尿酸爽肤水+保湿乳液
补水效果很好，性价比很高。

💧 精华：烟酰胺精华
美白效果明显，坚持用会有惊喜。

💧 面膜：补水面膜
一周2-3次，皮肤会变得水润有光泽。

💧 防晒：物理防晒霜
不会闷痘，适合日常使用。

这些产品都是我亲测有效的，推荐给预算有限的小伙伴们！","护肤,平价,学生党,推荐,美妆",美妆护肤,产品评测,https://xiaohongshu.com/note/example2,,4250,28900,美妆达人小李,enabled
